Epoch,Train_Loss,Test_Loss,Test_Accuracy
1,14.763789384365083,2.3145583868026733,0.1
2,2.3460157489776607,2.3057285809516905,0.1
3,2.3083515918254855,2.3035114121437075,0.1001
4,2.3032489097118374,2.3036591243743896,0.1008
5,2.301595215797424,2.3024270701408387,0.1056
6,2.2996339857578283,2.2984458327293398,0.1123
7,2.298065452575684,2.2971898341178894,0.1136
