Epoch,Train_Loss,Test_Loss,Test_Accuracy
1,3.0942410916090015,2.302960383892059,0.1
