Epoch,Train_Loss,Test_Loss,Test_Accuracy
1,2.5852808482944964,2.3028451895713804,0.1
