Epoch,Train_Loss,Test_Loss,Test_Accuracy
1,2.639204160571098,2.30782529592514,0.1
2,2.258453781008721,2.3319858384132384,0.1294
3,2.199610006809235,2.1524668312072754,0.1955
4,2.15276163905859,2.067311978340149,0.2386
5,2.1172896626591684,1.9951266610622407,0.2642
6,2.08489903151989,1.9629713916778564,0.2716
7,2.0665227138996123,1.888520551919937,0.3108
8,2.034656199514866,1.8446908628940581,0.3217
9,2.0193129456043244,1.8271826648712157,0.3225
10,1.9898624175786968,1.788427747488022,0.345
