Epoch,Train_Loss,Test_Loss,Test_Accuracy
1,2.30827671002738,2.3025856900215147,0.1
2,2.3026003022737136,2.3025858044624328,0.1
3,2.302567777150793,2.3025862073898313,0.1
4,2.302628600446482,2.3025858855247496,0.1
5,2.3025601399095756,2.3025862693786623,0.1
6,2.302582419673099,2.302585954666138,0.1
7,2.3025847483284876,2.302586224079132,0.1
8,2.302597536618197,2.302585656642914,0.1
9,2.3026170712483083,2.3025854802131653,0.1
10,2.3025787522521197,2.3025858998298645,0.1
11,2.3025647899772546,2.302585883140564,0.1
12,2.302562810801253,2.302585768699646,0.1
13,2.3025855167002613,2.302585983276367,0.1
14,2.3025899211062657,2.302586765289307,0.1
15,2.302615978747983,2.302585868835449,0.1
16,2.30260912798628,2.3025858974456788,0.1
17,2.302617433403113,2.3025861406326293,0.1
18,2.302546665940104,2.3025861740112306,0.1
19,2.3026277837874005,2.302585692405701,0.1
